{
    "gitlab_workhorse": {
      "secret_token": "REPLACE_ME"
    },
    "gitlab_shell": {
      "secret_token": "REPLACE_ME"
    },
    "gitlab_rails": {
      "secret_key_base": "REPLACE_ME",
      "db_key_base": "REPLACE_ME",
      "otp_key_base": "REPLACE_ME",
      "openid_connect_signing_key": "-----BEGIN RSA PRIVATE KEY-----\n REPLACE_ME \n-----END RSA PRIVATE KEY-----\n"
    },
    "gitlab_pages": {
      "gitlab_secret": null,
      "gitlab_id": null,
      "auth_secret": "REPLACE_ME",
      "api_secret_key": "REPLACE_ME"
    },
    "grafana": {
      "secret_key": "REPLACE_ME",
      "gitlab_secret": null,
      "gitlab_application_id": null,
      "admin_password": "REPLACE_ME",
      "metrics_basic_auth_password": null
    },
    "registry": {
      "http_secret": "REPLACE_ME",
      "internal_certificate": "-----BEGIN CERTIFICATE-----\nREPLACE_ME\n-----END CERTIFICATE-----\n",
      "internal_key": "-----BEGIN RSA PRIVATE KEY-----\nREPLACE_ME\n-----END RSA PRIVATE KEY-----\n"
    },
    "letsencrypt": {
      "auto_enabled": null
    },
    "mattermost": {
      "email_invite_salt": "REPLACE_ME",
      "file_public_link_salt": "REPLACE_ME",
      "sql_at_rest_encrypt_key": "REPLACE_ME"
    },
    "postgresql": {
      "internal_certificate": "-----BEGIN CERTIFICATE-----\nREPLACE_ME\n-----END CERTIFICATE-----\n",
      "internal_key": "-----BEGIN RSA PRIVATE KEY-----\nREPLACE_ME\n-----END RSA PRIVATE KEY-----\n"
    }
  }
  