[
  {
    "command": ${command},
    "entryPoint": ["/home/vcap/app/dataflow/bin/aws-wrapper-no-git-sync.sh"],
    "environment": [{
      "name": "DB_HOST",
      "value": "${db_host}"
    },{
      "name": "DB_NAME",
      "value": "${db_name}"
    },{
      "name": "DB_PASSWORD",
      "value": "${db_password}"
    },{
      "name": "DB_PORT",
      "value": "${db_port}"
    },{
      "name": "DB_USER",
      "value": "${db_user}"
    },{
      "name": "AIRFLOW__WEBSERVER__SECRET_KEY",
      "value": "${secret_key}"
    },{
      "name": "SENTRY_DSN",
      "value": "${sentry_dsn}"
    },{
      "name": "SENTRY_ENVIRONMENT",
      "value": "${sentry_environment}"
    },{
      "name": "AUTHBROKER_URL",
      "value": "${authbroker_url}"
    },{
      "name": "AUTHBROKER_CLIENT_ID",
      "value": "${authbroker_client_id}"
    },{
      "name": "AUTHBROKER_CLIENT_SECRET",
      "value": "${authbroker_client_secret}"
    },{
      "name": "DATASETS_DB_HOST",
      "value": "${datasets_db_host}"
    },{
      "name": "DATASETS_DB_NAME",
      "value": "${datasets_db_name}"
    },{
      "name": "DATASETS_DB_PASSWORD",
      "value": "${datasets_db_password}"
    },{
      "name": "DATASETS_DB_PORT",
      "value": "${datasets_db_port}"
    },{
      "name": "DATASETS_DB_USER",
      "value": "${datasets_db_user}"
    },{
      "name": "AIRFLOW__AWS_ECS_EXECUTOR__REGION_NAME",
      "value": "eu-west-2"
    },{
      "name": "AIRFLOW__AWS_ECS_EXECUTOR__SUBNETS",
      "value": "${subnets}"
    },{
      "name": "AIRFLOW__AWS_ECS_EXECUTOR__SECURITY_GROUPS",
      "value": "${security_groups}"
    },{
      "name": "AIRFLOW__AWS_ECS_EXECUTOR__TASK_DEFINITION",
      "value": "${task_definition}"
    },{
      "name": "AIRFLOW__AWS_ECS_EXECUTOR__CLUSTER",
      "value": "${cluster}"
    },{
      "name": "AIRFLOW__AWS_ECS_EXECUTOR__CONTAINER_NAME",
      "value": "airflow"
    },{
      "name": "AIRFLOW__LOGGING__REMOTE_BASE_LOG_FOLDER",
      "value": "cloudwatch://${cloudwatch_log_group_arn}"
    },{
      "name": "DAG_SYNC_GITHUB_KEY",
      "value": "${dag_sync_github_key}"
    },{
      "name": "DATA_WORKSPACE_S3_IMPORT_HAWK_ID",
      "value": "${data_workspace_s3_import_hawk_id}"
    },{
      "name": "DATA_WORKSPACE_S3_IMPORT_HAWK_KEY",
      "value": "${data_workspace_s3_import_hawk_key}"
    }],
    "essential": true,
    "image": "${container_image}",
    "logConfiguration": {
      "logDriver": "awslogs",
      "options": {
        "awslogs-group": "${log_group}",
        "awslogs-region": "${log_region}",
        "awslogs-stream-prefix": "${container_name}"
      }
    },
    "networkMode": "awsvpc",
    "memoryReservation": ${memory},
    "cpu": ${cpu},
    "mountPoints" : [],
    "name": "${container_name}",
    "portMappings": [{
        "containerPort": 8080,
        "hostPort": 8080,
        "protocol": "tcp"
    }]
  }
]
