[
  {
    "name": "${container_name}",
    "image": "${container_image}",
    "memoryReservation": ${container_memory},
    "cpu": ${container_cpu},
    "essential": true,
    "portMappings": [],
    "logConfiguration": {
      "logDriver": "awslogs",
      "options": {
        "awslogs-group": "${log_group}",
        "awslogs-region": "${log_region}",
        "awslogs-stream-prefix": "${container_name}"
      }
    },
    "environment": [{
        "name": "MIRRORS_BUCKET_NAME",
        "value": "${mirrors_bucket_name}"
    }]
  }
]
