[
  {
    "name": "${container_name}",
    "image": "${container_image}",
    "memoryReservation": ${container_memory},
    "cpu": ${container_cpu},
    "essential": true,
    "portMappings": [{
        "containerPort": ${container_port}
    }],
    "logConfiguration": {
      "logDriver": "awslogs",
      "options": {
        "awslogs-group": "${log_group}",
        "awslogs-region": "${log_region}",
        "awslogs-stream-prefix": "${container_name}"
      }
    },
    "environment": [{
        "name": "REGISTRY_HTTP_ADDR",
        "value": "0.0.0.0:${container_port}"
    },
    {
        "name": "REGISTRY_PROXY_PASSWORD",
        "value": "${registry_proxy_password}"
    },
    {
        "name": "REGISTRY_PROXY_REMOTEURL",
        "value": "${registry_proxy_remoteurl}"
    },
    {
        "name": "REGISTRY_PROXY_USERNAME",
        "value": "${registry_proxy_username}"
    }]
  }
]
