[
  {
    "environment": [
      {
        "name": "ARTIFACT_BUCKET_NAME",
        "value": "${artifact_bucket_name}"
      },
      {
        "name": "JWT_PUBLIC_KEY",
        "value": "${jwt_public_key}"
      },
      {
        "name": "MLFLOW_HOSTNAME",
        "value": "${mlflow_hostname}"
      },
      {
        "name": "DATABASE_URI",
        "value": "${database_uri}"
      },
      {
        "name": "PROXY_PORT",
        "value": "${proxy_port}"
      },
      {
        "name": "AWS_DEFAULT_REGION",
        "value": "eu-west-2"
      }
    ],
    "essential": true,
    "image": "${container_image}",
    "logConfiguration": {
      "logDriver": "awslogs",
      "options": {
        "awslogs-group": "${log_group}",
        "awslogs-region": "${log_region}",
        "awslogs-stream-prefix": "${container_name}"
      }
    },
    "networkMode": "awsvpc",
    "memoryReservation": ${memory},
    "cpu": ${cpu},
    "mountPoints" : [],
    "name": "${container_name}",
    "portMappings": [{
        "containerPort": ${proxy_port},
        "hostPort": ${proxy_port},
        "protocol": "tcp"
    }]
  }
]
