[
    {
      "name": "${container_name}",
      "image": "${container_image}",
      "essential": true,
      "portMappings": [{
          "containerPort": 8529,
          "protocol": "tcp"
      }],
      "logConfiguration": {
        "logDriver": "awslogs",
        "options": {
          "awslogs-group": "${log_group}",
          "awslogs-region": "${log_region}",
          "awslogs-stream-prefix": "${container_name}"
        }
      },
      "environment": [
        {
          "name": "ARANGO_ROOT_PASSWORD",
          "value": "${root_password}"
        }
      ],
      "mountPoints" : [{
        "containerPath" : "/var/lib/arangodb3",
        "sourceVolume" : "data-arango"
     }]
    }
  ]