[
  {
    "name": "${container_name}",
    "image": "${container_image}",
    "memoryReservation": ${container_memory},
    "cpu": ${container_cpu},
    "essential": true,
    "portMappings": [{
        "containerPort": ${container_port}
    }],
    "logConfiguration": {
      "logDriver": "awslogs",
      "options": {
        "awslogs-group": "${log_group}",
        "awslogs-region": "${log_region}",
        "awslogs-stream-prefix": "${container_name}"
      }
    },
    "environment": [{
      "name": "URL",
      "value": "${url}"
    }, {
      "name": "METRICS_SERVICE_DISCOVERY_BASIC_AUTH_USER",
      "value": "${metrics_service_discovery_basic_auth_user}"
    }, {
      "name": "METRICS_SERVICE_DISCOVERY_BASIC_AUTH_PASSWORD",
      "value": "${metrics_service_discovery_basic_auth_password}"
    }]
  }
]
