[
  {
    "name": "${container_name}",
    "image": "${container_image}",
    "essential": true,
    "ulimits": [{
          "softLimit": 4096,
          "hardLimit": 4096,
          "name": "nofile"
    }],
    "logConfiguration": {
      "logDriver": "awslogs",
      "options": {
        "awslogs-group": "${log_group}",
        "awslogs-region": "${log_region}",
        "awslogs-stream-prefix": "${container_name}"
      }
    },
    "environment": [{
      "name": "SENTRY_DSN",
      "value": "${sentry_dsn}"
    },{
      "name": "SENTRY_ENVIRONMENT",
      "value": "${sentry_environment}"
    }],
    "mountPoints": [{
      "sourceVolume": "home_directory",
      "containerPath": "${home_directory}"
    }, {
      "sourceVolume": "home_directory",
      "containerPath": "/home/dw-user"
    }]
  },
  {
    "name": "metrics",
    "image": "${metrics_container_image}",
    "essential": true,
    "logConfiguration": {
      "logDriver": "awslogs",
      "options": {
        "awslogs-group": "${log_group}",
        "awslogs-region": "${log_region}",
        "awslogs-stream-prefix": "metrics"
      }
    },
    "environment": [{
      "name": "PORT",
      "value": "8889"
    }]
  },
  {
    "name": "s3sync",
    "image": "${s3sync_container_image}",
    "essential": true,
    "logConfiguration": {
      "logDriver": "awslogs",
      "options": {
        "awslogs-group": "${log_group}",
        "awslogs-region": "${log_region}",
        "awslogs-stream-prefix": "s3sync"
      }
    },
    "mountPoints": [{
      "sourceVolume": "home_directory",
      "containerPath": "/home/s3sync/data"
    }],
    "environment": [{
      "name": "SENTRY_DSN",
      "value": "${sentry_dsn}"
    },{
      "name": "SENTRY_ENVIRONMENT",
      "value": "${sentry_environment}"
    }, {
      "name": "CLOUDWATCH_MONITORING_NAMESPACE",
      "value": "${cloudwatch_namespace}/S3Sync"
    }, {
      "name": "CLOUDWATCH_MONITORING_REGION",
      "value": "${cloudwatch_region}"
    }]
  }
]
