[
  {
    "environment": [{
      "name": "GITLAB_OMNIBUS_CONFIG",
      "value": ${gitlab_omnibus_config}
    }, {
      "name": "BUCKET",
      "value": "${bucket}"
    }, {
      "name": "AWS_DEFAULT_REGION",
      "value": "${bucket_region}"
    }],
    "essential": true,
    "image": "${container_image}",
    "logConfiguration": {
      "logDriver": "awslogs",
      "options": {
        "awslogs-group": "${log_group}",
        "awslogs-region": "${log_region}",
        "awslogs-stream-prefix": "${container_name}"
      }
    },
    "networkMode": "awsvpc",
    "memoryReservation": ${memory},
    "cpu": ${cpu},
    "mountPoints" : [{
       "containerPath" : "/var/opt/gitlab",
       "sourceVolume" : "data-gitlab"
    }],
    "name": "gitlab",
    "portMappings": [{
        "containerPort": 80,
        "hostPort": 80,
        "protocol": "tcp"
    }, {
        "containerPort": 22,
        "hostPort": 22,
        "protocol": "tcp"
    }]
  }
]
