[
  {
    "name": "${container_name}",
    "image": "${container_image}",
    "memoryReservation": ${container_memory - 50},
    "cpu": ${container_cpu - 5},
    "essential": true,
    "ulimits": [{
          "softLimit": 4096,
          "hardLimit": 4096,
          "name": "nofile"
    }],
    "logConfiguration": {
      "logDriver": "awslogs",
      "options": {
        "awslogs-group": "${log_group}",
        "awslogs-region": "${log_region}",
        "awslogs-stream-prefix": "${container_name}"
      }
    },
    "environment": []
  },
  {
    "name": "metrics",
    "image": "${metrics_container_image}",
    "memoryReservation": 50,
    "cpu": 5,
    "essential": true,
    "logConfiguration": {
      "logDriver": "awslogs",
      "options": {
        "awslogs-group": "${log_group}",
        "awslogs-region": "${log_region}",
        "awslogs-stream-prefix": "metrics"
      }
    },
    "environment": [{
      "name": "PORT",
      "value": "8889"
    }]
  }
]
