[
  {
    "environment": [{
      "name": "DB_HOST",
      "value": "${db_host}"
    },{
      "name": "DB_NAME",
      "value": "${db_name}"
    },{
      "name": "DB_PASSWORD",
      "value": "${db_password}"
    },{
      "name": "DB_PORT",
      "value": "${db_port}"
    },{
      "name": "DB_USER",
      "value": "${db_user}"
    },{
      "name": "ADMIN_USERS",
      "value": "${admin_users}"
    },{
      "name": "SECRET_KEY",
      "value": "${secret_key}"
    },{
      "name": "SENTRY_DSN",
      "value": "${sentry_dsn}"
    },{
      "name": "SENTRY_ENVIRONMENT",
      "value": "${sentry_environment}"
    }],
    "essential": true,
    "image": "${container_image}",
    "logConfiguration": {
      "logDriver": "awslogs",
      "options": {
        "awslogs-group": "${log_group}",
        "awslogs-region": "${log_region}",
        "awslogs-stream-prefix": "${container_name}"
      }
    },
    "networkMode": "awsvpc",
    "memoryReservation": ${memory},
    "cpu": ${cpu},
    "mountPoints" : [],
    "name": "${container_name}",
    "portMappings": [{
        "containerPort": 8000,
        "hostPort": 8000,
        "protocol": "tcp"
    }]
  }
]
